Workbook

Sheet 1. Master Inventory
A1: INVENTORY OF ELECTRICAL APPLIANCES — Academic Year 2026–27
A2: Complete Block-wise Inventory | All quantities auto-totalled | Data by Physical Inspection / Departmental Records
A4: Sl. No. | B4: Block / Building Name | C4: Tube Lights | D4: Ceiling Fans | E4: LED Lights | F4: Wall Fans | G4: Standing Fans | H4: Exhaust Fans | I4: Heaters | J4: Coolers | K4: Refrigerators | L4: Air Conditioners (AC) | M4: Total Appliances | N4: Remarks
A5: 1 | B5: Main Academic Block | C5: 120 | D5: 80 | E5: 60 | F5: 15 | G5: 10 | H5: 5 | I5: 0 | J5: 0 | K5: 2 | L5: 8 | M5: =SUM(C5:L5) -> 300 | N5: –
A6: 2 | B6: Science Block | C6: 95 | D6: 65 | E6: 70 | F6: 12 | G6: 8 | H6: 6 | I6: 0 | J6: 0 | K6: 1 | L6: 6 | M6: =SUM(C6:L6) -> 263 | N6: –
A7: 3 | B7: Engineering Block | C7: 110 | D7: 75 | E7: 80 | F7: 14 | G7: 12 | H7: 8 | I7: 0 | J7: 0 | K7: 2 | L7: 10 | M7: =SUM(C7:L7) -> 311 | N7: –
A8: 4 | B8: Library | C8: 40 | D8: 25 | E8: 30 | F8: 5 | G8: 2 | H8: 3 | I8: 0 | J8: 0 | K8: 1 | L8: 4 | M8: =SUM(C8:L8) -> 110 | N8: –
A9: 5 | B9: Computer Centre | C9: 30 | D9: 20 | E9: 45 | F9: 4 | G9: 3 | H9: 4 | I9: 0 | J9: 0 | K9: 0 | L9: 12 | M9: =SUM(C9:L9) -> 118 | N9: Server room AC included
A10: 6 | B10: Hostel – A (Boys) | C10: 200 | D10: 150 | E10: 100 | F10: 25 | G10: 10 | H10: 8 | I10: 12 | J10: 6 | K10: 2 | L10: 15 | M10: =SUM(C10:L10) -> 528 | N10: –
A11: 7 | B11: Hostel – B (Boys) | C11: 180 | D11: 140 | E11: 90 | F11: 20 | G11: 8 | H11: 7 | I11: 10 | J11: 5 | K11: 2 | L11: 12 | M11: =SUM(C11:L11) -> 474 | N11: –
A12: 8 | B12: Hostel – C (Girls) | C12: 190 | D12: 145 | E12: 95 | F12: 22 | G12: 9 | H12: 8 | I12: 11 | J12: 5 | K12: 2 | L12: 14 | M12: =SUM(C12:L12) -> 501 | N12: –
A13: 9 | B13: Hostel – D (Girls) | C13: 170 | D13: 130 | E13: 85 | F13: 18 | G13: 7 | H13: 6 | I13: 8 | J13: 4 | K13: 2 | L13: 10 | M13: =SUM(C13:L13) -> 440 | N13: –
A14: 10 | B14: Canteen / Mess | C14: 35 | D14: 20 | E14: 15 | F14: 5 | G14: 2 | H14: 6 | I14: 4 | J14: 2 | K14: 3 | L14: 4 | M14: =SUM(C14:L14) -> 96 | N14: Kitchen equipment separate
A15: 11 | B15: Administrative Block | C15: 50 | D15: 30 | E15: 25 | F15: 8 | G15: 5 | H15: 2 | I15: 0 | J15: 0 | K15: 1 | L15: 6 | M15: =SUM(C15:L15) -> 127 | N15: –
A16: 12 | B16: Examination Hall | C16: 60 | D16: 40 | E16: 35 | F16: 10 | G16: 6 | H16: 4 | I16: 0 | J16: 0 | K16: 0 | L16: 8 | M16: =SUM(C16:L16) -> 163 | N16: –
... A24: 20 | B24: Security / Gate Office | C24: 8 | D24: 6 | E24: 10 | F24: 2 | G24: 1 | H24: 1 | I24: 0 | J24: 0 | K24: 1 | L24: 1 | M24: =SUM(C24:L24) -> 30 | N24: –
A25: 21 | M25: =SUM(C25:L25) -> 0
A26: 22 | M26: =SUM(C26:L26) -> 0
A27: 23 | M27: =SUM(C27:L27) -> 0
A28: 24 | M28: =SUM(C28:L28) -> 0
A29: 25 | M29: =SUM(C29:L29) -> 0
A30: 26 | M30: =SUM(C30:L30) -> 0
A31: 27 | M31: =SUM(C31:L31) -> 0
A32: 28 | M32: =SUM(C32:L32) -> 0
A33: 29 | M33: =SUM(C33:L33) -> 0
A34: 30 | M34: =SUM(C34:L34) -> 0
B35: GRAND TOTAL | C35: =SUM(C5:C34) -> 1568 | D35: =SUM(D5:D34) -> 1129 | E35: =SUM(E5:E34) -> 980 | F35: =SUM(F5:F34) -> 203 | G35: =SUM(G5:G34) -> 108 | H35: =SUM(H5:H34) -> 94 | I35: =SUM(I5:I34) -> 63 | J35: =SUM(J5:J34) -> 31 | ... M35: =SUM(M5:M34) -> 4353
B36: % Distribution | C36: =IF(M35>0,C35/M35*100,0) -> 36.021135 | D36: =IF(M35>0,D35/M35*100,0) -> 25.936136 | E36: =IF(M35>0,E35/M35*100,0) -> 22.513209 | F36: =IF(M35>0,F35/M35*100,0) -> 4.6634505 | G36: =IF(M35>0,G35/M35*100,0) -> 2.4810476 | H36: =IF(M35>0,H35/M35*100,0) -> 2.1594303 | I36: =IF(M35>0,I35/M35*100,0) -> 1.4472777 | J36: =IF(M35>0,J35/M35*100,0) -> 0.71215254 | K36: =IF(M35>0,K35/M35*100,0) -> 0.7351252 | L36: =IF(M35>0,L35/M35*100,0) -> 3.3310361 | M36: 100%

Sheet 2. Energy Consumption
A1: ENERGY CONSUMPTION & COST ANALYSIS — A.Y. 2026–27
A2: Auto-calculated from Master Inventory | Wattage × Quantity × Usage Hours | All costs in INR (₹)
A4: Sl. No. | B4: Appliance Type | C4: Qty (from Inventory) | D4: Rated Wattage (W) | E4: Total Wattage (kW) | F4: Avg Daily Usage (hrs) | G4: Daily Consumption (kWh) | H4: Monthly Consumption (kWh) | I4: Annual Consumption (kWh) | J4: Electricity Rate (₹/kWh) | K4: Monthly Cost (₹) | L4: Annual Cost (₹)
A5: 1 | B5: Tube Lights | C5: ='1. Master Inventory'!C35 -> 1568 | D5: 40 | E5: =C5*D5/1000 -> 62.72 | F5: 10 | G5: =E5*F5 -> 627.2 | H5: =G5*30 -> 18816 | I5: =G5*365 -> 228928 | J5: 8.5 | K5: =H5*J5 -> 159936 | L5: =I5*J5 -> 1945888
A6: 2 | B6: Ceiling Fans | C6: ='1. Master Inventory'!D35 -> 1129 | D6: 75 | E6: =C6*D6/1000 -> 84.675 | F6: 12 | G6: =E6*F6 -> 1016.1 | H6: =G6*30 -> 30483 | I6: =G6*365 -> 370876.5 | J6: 8.5 | K6: =H6*J6 -> 259105.5 | L6: =I6*J6 -> 3152450.2
A7: 3 | B7: LED Lights | C7: ='1. Master Inventory'!E35 -> 980 | D7: 15 | E7: =C7*D7/1000 -> 14.7 | F7: 10 | G7: =E7*F7 -> 147 | H7: =G7*30 -> 4410 | I7: =G7*365 -> 53655 | J7: 8.5 | K7: =H7*J7 -> 37485 | L7: =I7*J7 -> 456067.5
A8: 4 | B8: Wall Fans | C8: ='1. Master Inventory'!F35 -> 203 | D8: 50 | E8: =C8*D8/1000 -> 10.15 | F8: 10 | G8: =E8*F8 -> 101.5 | H8: =G8*30 -> 3045 | I8: =G8*365 -> 37047.5 | J8: 8.5 | K8: =H8*J8 -> 25882.5 | L8: =I8*J8 -> 314903.75
A9: 5 | B9: Standing Fans | C9: ='1. Master Inventory'!G35 -> 108 | D9: 55 | E9: =C9*D9/1000 -> 5.94 | F9: 8 | G9: =E9*F9 -> 47.52 | H9: =G9*30 -> 1425.6 | I9: =G9*365 -> 17344.8 | J9: 8.5 | K9: =H9*J9 -> 12117.6 | L9: =I9*J9 -> 147430.8
A10: 6 | B10: Exhaust Fans | C10: ='1. Master Inventory'!H35 -> 94 | D10: 30 | E10: =C10*D10/1000 -> 2.82 | F10: 8 | G10: =E10*F10 -> 22.56 | H10: =G10*30 -> 676.8 | I10: =G10*365 -> 8234.4 | J10: 8.5 | K10: =H10*J10 -> 5752.8 | L10: =I10*J10 -> 69992.4
A11: 7 | B11: Heaters | C11: ='1. Master Inventory'!I35 -> 63 | D11: 1500 | E11: =C11*D11/1000 -> 94.5 | F11: 4 | G11: =E11*F11 -> 378 | H11: =G11*30 -> 11340 | I11: =G11*365 -> 137970 | J11: 8.5 | K11: =H11*J11 -> 96390 | L11: =I11*J11 -> 1172745
A12: 8 | B12: Coolers | C12: ='1. Master Inventory'!J35 -> 31 | D12: 200 | E12: =C12*D12/1000 -> 6.2 | F12: 10 | G12: =E12*F12 -> 62 | H12: =G12*30 -> 1860 | I12: =G12*365 -> 22630 | J12: 8.5 | K12: =H12*J12 -> 15810 | L12: =I12*J12 -> 192355
A13: 9 | B13: Refrigerators | C13: ='1. Master Inventory'!K35 -> 32 | D13: 150 | E13: =C13*D13/1000 -> 4.8 | F13: 24 | G13: =E13*F13 -> 115.2 | H13: =G13*30 -> 3456 | I13: =G13*365 -> 42048 | J13: 8.5 | K13: =H13*J13 -> 29376 | L13: =I13*J13 -> 357408
A14: 10 | B14: Air Conditioners (AC) | C14: ='1. Master Inventory'!L35 -> 145 | D14: 1500 | E14: =C14*D14/1000 -> 217.5 | F14: 10 | G14: =E14*F14 -> 2175 | H14: =G14*30 -> 65250 | I14: =G14*365 -> 793875 | J14: 8.5 | K14: =H14*J14 -> 554625 | L14: =I14*J14 -> 6747937.5
B15: GRAND TOTAL | C15: =SUM(C5:C14) -> 4353 | E15: =SUM(E5:E14) -> 504.005 | G15: =SUM(G5:G14) -> 4692.08 | H15: =SUM(H5:H14) -> 140762.4 | I15: =SUM(I5:I14) -> 1712609.2 | K15: =SUM(K5:K14) -> 1196480.4 | L15: =SUM(L5:L14) -> 14557178
A17: Key Energy Metrics — Auto-Calculated
A18: Total Connected Load (kW) | G18: =E15 -> 504.005
A19: Total Daily Consumption (kWh) | G19: =G15 -> 4692.08
A20: Total Monthly Consumption (kWh) | G20: =H15 -> 140762.4
A21: Total Annual Consumption (kWh) | G21: =I15 -> 1712609.2
A22: Total Monthly Electricity Bill (₹) | G22: =K15 -> 1196480.4
A23: Total Annual Electricity Bill (₹) | G23: =L15 -> 14557178
A24: Avg Cost per Appliance per Month (₹) | G24: =IF(C15>0,K15/C15,0) -> 274.8634
A25: Top Energy Consumer | G25: =INDEX(B5:B14,MATCH(MAX(I5:I14),I5:I14,0)) -> Air Conditioners (AC)

Sheet 3. Block-wise Analysis
A1: BLOCK-WISE ENERGY CONSUMPTION ANALYSIS
A2: Per-block totals, connected load, estimated consumption & cost | Auto-linked to Master Inventory
A4: Sl. No. | B4: Block / Building Name | C4: Total Appliances | D4: Connected Load (kW) | E4: Avg Daily Usage (hrs) | F4: Daily Consumption (kWh) | G4: Monthly Consumption (kWh) | H4: Annual Consumption (kWh) | I4: Annual Cost (₹) | J4: % of Total Energy
A5: 1 | B5: ='1. Master Inventory'!B5 -> Main Academic Block | C5: ='1. Master Inventory'!M5 -> 300 | D5: =('1. Master Inventory'!C5*40+'1. Master Inventory'!D5*75+'1. Master Inventory'!E5*15+'1. Master Inventory'!F5*50+'1. Master Inventory'!G5*55+'1. Master Inventory'!H5*30+'1. Master Inventory'!I5*1500+'1. Master Inventory'!J5*200+'1. Master Inventory'!K5*150+'1. Master Inventory'!L5*1500)/1000 -> 25.45 | E5: 10 | F5: =D5*E5 -> 254.5 | G5: =F5*30 -> 7635 | H5: =F5*365 -> 92892.5 | I5: =H5*8.5 -> 789586.25 | J5: =IF(H$35>0,H5/H$35*100,0) -> 5.0495531
A6: 2 | B6: ='1. Master Inventory'!B6 -> Science Block | C6: ='1. Master Inventory'!M6 -> 263 | D6: =('1. Master Inventory'!C6*40+'1. Master Inventory'!D6*75+'1. Master Inventory'!E6*15+'1. Master Inventory'!F6*50+'1. Master Inventory'!G6*55+'1. Master Inventory'!H6*30+'1. Master Inventory'!I6*1500+'1. Master Inventory'!J6*200+'1. Master Inventory'!K6*150+'1. Master Inventory'!L6*1500)/1000 -> 20.095 | E6: 10 | F6: =D6*E6 -> 200.95 | G6: =F6*30 -> 6028.5 | H6: =F6*365 -> 73346.75 | I6: =H6*8.5 -> 623447.38 | J6: =IF(H$35>0,H6/H$35*100,0) -> 3.9870636
A7: 3 | B7: ='1. Master Inventory'!B7 -> Engineering Block | C7: ='1. Master Inventory'!M7 -> 311 | D7: =('1. Master Inventory'!C7*40+'1. Master Inventory'!D7*75+'1. Master Inventory'!E7*15+'1. Master Inventory'!F7*50+'1. Master Inventory'!G7*55+'1. Master Inventory'!H7*30+'1. Master Inventory'!I7*1500+'1. Master Inventory'!J7*200+'1. Master Inventory'!K7*150+'1. Master Inventory'!L7*1500)/1000 -> 28.125 | E7: 10 | F7: =D7*E7 -> 281.25 | G7: =F7*30 -> 8437.5 | H7: =F7*365 -> 102656.25 | I7: =H7*8.5 -> 872578.12 | J7: =IF(H$35>0,H7/H$35*100,0) -> 5.5803018
A8: 4 | B8: ='1. Master Inventory'!B8 -> Library | C8: ='1. Master Inventory'!M8 -> 110 | D8: =('1. Master Inventory'!C8*40+'1. Master Inventory'!D8*75+'1. Master Inventory'!E8*15+'1. Master Inventory'!F8*50+'1. Master Inventory'!G8*55+'1. Master Inventory'!H8*30+'1. Master Inventory'!I8*1500+'1. Master Inventory'!J8*200+'1. Master Inventory'!K8*150+'1. Master Inventory'!L8*1500)/1000 -> 10.525 | E8: 10 | F8: =D8*E8 -> 105.25 | G8: =F8*30 -> 3157.5 | H8: =F8*365 -> 38416.25 | I8: =H8*8.5 -> 326538.12 | J8: =IF(H$35>0,H8/H$35*100,0) -> 2.0882729
A9: 5 | B9: ='1. Master Inventory'!B9 -> Computer Centre | C9: ='1. Master Inventory'!M9 -> 118 | D9: =('1. Master Inventory'!C9*40+'1. Master Inventory'!D9*75+'1. Master Inventory'!E9*15+'1. Master Inventory'!F9*50+'1. Master Inventory'!G9*55+'1. Master Inventory'!H9*30+'1. Master Inventory'!I9*1500+'1. Master Inventory'!J9*200+'1. Master Inventory'!K9*150+'1. Master Inventory'!L9*1500)/1000 -> 21.86 | E9: 10 | F9: =D9*E9 -> 218.6 | G9: =F9*30 -> 6558 | H9: =F9*365 -> 79789 | I9: =H9*8.5 -> 678206.5 | J9: =IF(H$35>0,H9/H$35*100,0) -> 4.3372586
A10: 6 | B10: ='1. Master Inventory'!B10 -> Hostel – A (Boys) | C10: ='1. Master Inventory'!M10 -> 528 | D10: =('1. Master Inventory'!C10*40+'1. Master Inventory'!D10*75+'1. Master Inventory'!E10*15+'1. Master Inventory'!F10*50+'1. Master Inventory'!G10*55+'1. Master Inventory'!H10*30+'1. Master Inventory'!I10*1500+'1. Master Inventory'!J10*200+'1. Master Inventory'!K10*150+'1. Master Inventory'!L10*1500)/1000 -> 64.79 | E10: 10 | F10: =D10*E10 -> 647.9 | G10: =F10*30 -> 19437 | H10: =F10*365 -> 236483.5 | I10: =H10*8.5 -> 2010109.8 | J10: =IF(H$35>0,H10/H$35*100,0) -> 12.855031
A11: 7 | B11: ='1. Master Inventory'!B11 -> Hostel – B (Boys) | C11: ='1. Master Inventory'!M11 -> 474 | D11: =('1. Master Inventory'!C11*40+'1. Master Inventory'!D11*75+'1. Master Inventory'!E11*15+'1. Master Inventory'!F11*50+'1. Master Inventory'!G11*55+'1. Master Inventory'!H11*30+'1. Master Inventory'!I11*1500+'1. Master Inventory'!J11*200+'1. Master Inventory'!K11*150+'1. Master Inventory'!L11*1500)/1000 -> 55 | E11: 10 | F11: =D11*E11 -> 550 | G11: =F11*30 -> 16500 | H11: =F11*365 -> 200750 | I11: =H11*8.5 -> 1706375 | J11: =IF(H$35>0,H11/H$35*100,0) -> 10.91259
A12: 8 | B12: ='1. Master Inventory'!B12 -> Hostel – C (Girls) | C12: ='1. Master Inventory'!M12 -> 501 | D12: =('1. Master Inventory'!C12*40+'1. Master Inventory'!D12*75+'1. Master Inventory'!E12*15+'1. Master Inventory'!F12*50+'1. Master Inventory'!G12*55+'1. Master Inventory'!H12*30+'1. Master Inventory'!I12*1500+'1. Master Inventory'!J12*200+'1. Master Inventory'!K12*150+'1. Master Inventory'!L12*1500)/1000 -> 60.535 | E12: 10 | F12: =D12*E12 -> 605.35 | G12: =F12*30 -> 18160.5 | H12: =F12*365 -> 220952.75 | I12: =H12*8.5 -> 1878098.4 | J12: =IF(H$35>0,H12/H$35*100,0) -> 12.010794
A13: 9 | B13: ='1. Master Inventory'!B13 -> Hostel – D (Girls) | C13: ='1. Master Inventory'!M13 -> 440 | D13: =('1. Master Inventory'!C13*40+'1. Master Inventory'!D13*75+'1. Master Inventory'!E13*15+'1. Master Inventory'!F13*50+'1. Master Inventory'!G13*55+'1. Master Inventory'!H13*30+'1. Master Inventory'!I13*1500+'1. Master Inventory'!J13*200+'1. Master Inventory'!K13*150+'1. Master Inventory'!L13*1500)/1000 -> 47.39 | E13: 10 | F13: =D13*E13 -> 473.9 | G13: =F13*30 -> 14217 | H13: =F13*365 -> 172973.5 | I13: =H13*8.5 -> 1470274.8 | J13: =IF(H$35>0,H13/H$35*100,0) -> 9.4026845
A14: 10 | B14: ='1. Master Inventory'!B14 -> Canteen / Mess | C14: ='1. Master Inventory'!M14 -> 96 | D14: =('1. Master Inventory'!C14*40+'1. Master Inventory'!D14*75+'1. Master Inventory'!E14*15+'1. Master Inventory'!F14*50+'1. Master Inventory'!G14*55+'1. Master Inventory'!H14*30+'1. Master Inventory'!I14*1500+'1. Master Inventory'!J14*200+'1. Master Inventory'!K14*150+'1. Master Inventory'!L14*1500)/1000 -> 16.515 | E14: 10 | F14: =D14*E14 -> 165.15 | G14: =F14*30 -> 4954.5 | H14: =F14*365 -> 60279.75 | I14: =H14*8.5 -> 512377.88 | J14: =IF(H$35>0,H14/H$35*100,0) -> 3.2767532
A15: 11 | B15: ='1. Master Inventory'!B15 -> Administrative Block | C15: ='1. Master Inventory'!M15 -> 127 | D15: =('1. Master Inventory'!C15*40+'1. Master Inventory'!D15*75+'1. Master Inventory'!E15*15+'1. Master Inventory'!F15*50+'1. Master Inventory'!G15*55+'1. Master Inventory'!H15*30+'1. Master Inventory'!I15*1500+'1. Master Inventory'!J15*200+'1. Master Inventory'!K15*150+'1. Master Inventory'!L15*1500)/1000 -> 14.51 | E15: 10 | F15: =D15*E15 -> 145.1 | G15: =F15*30 -> 4353 | H15: =F15*365 -> 52961.5 | I15: =H15*8.5 -> 450172.75 | J15: =IF(H$35>0,H15/H$35*100,0) -> 2.8789397
A16: 12 | B16: ='1. Master Inventory'!B16 -> Examination Hall | C16: ='1. Master Inventory'!M16 -> 163 | D16: =('1. Master Inventory'!C16*40+'1. Master Inventory'!D16*75+'1. Master Inventory'!E16*15+'1. Master Inventory'!F16*50+'1. Master Inventory'!G16*55+'1. Master Inventory'!H16*30+'1. Master Inventory'!I16*1500+'1. Master Inventory'!J16*200+'1. Master Inventory'!K16*150+'1. Master Inventory'!L16*1500)/1000 -> 18.875 | E16: 10 | F16: =D16*E16 -> 188.75 | G16: =F16*30 -> 5662.5 | H16: =F16*365 -> 68893.75 | I16: =H16*8.5 -> 585596.88 | J16: =IF(H$35>0,H16/H$35*100,0) -> 3.7450025
... A34: 30 | B34: ='1. Master Inventory'!B34 -> 0 | C34: ='1. Master Inventory'!M34 -> 0 | D34: =('1. Master Inventory'!C34*40+'1. Master Inventory'!D34*75+'1. Master Inventory'!E34*15+'1. Master Inventory'!F34*50+'1. Master Inventory'!G34*55+'1. Master Inventory'!H34*30+'1. Master Inventory'!I34*1500+'1. Master Inventory'!J34*200+'1. Master Inventory'!K34*150+'1. Master Inventory'!L34*1500)/1000 -> 0 | E34: 10 | F34: =D34*E34 -> 0 | G34: =F34*30 -> 0 | H34: =F34*365 -> 0 | I34: =H34*8.5 -> 0 | J34: =IF(H$35>0,H34/H$35*100,0) -> 0
B35: GRAND TOTAL | C35: =SUM(C5:C34) -> 4353 | D35: =SUM(D5:D34) -> 504.005 | F35: =SUM(F5:F34) -> 5040.05 | G35: =SUM(G5:G34) -> 151201.5 | H35: =SUM(H5:H34) -> 1839618.2 | I35: =SUM(I5:I34) -> 15636755 | J35: 100%

Sheet 4. Category Dashboard
A1: CATEGORY-WISE APPLIANCE SUMMARY DASHBOARD
A2: Grouped Analysis: Lighting | Cooling/Ventilation | Heating | Refrigeration | Air Conditioning
A4: # | B4: Category | C4: Appliance Types | D4: Total Quantity | E4: Total Connected Load (kW) | F4: % of Total Qty | G4: % of Total Load | H4: Annual Cost (₹)
A5: 1 | B5: Lighting | C5: Tube Lights + LED Lights | D5: ='1. Master Inventory'!C35+'1. Master Inventory'!E35 -> 2548 | E5: =('1. Master Inventory'!C35*40+'1. Master Inventory'!E35*15)/1000 -> 77.42 | F5: =IF(D$11>0,D5/D$11*100,0) -> 58.534344 | G5: =IF(E$11>0,E5/E$11*100,0) -> 15.360959 | H5: =E5*10*365*8.5 -> 2401955.5
A6: 2 | B6: Fans & Ventilation | C6: Ceiling + Wall + Standing + Exhaust | D6: ='1. Master Inventory'!D35+'1. Master Inventory'!F35+'1. Master Inventory'!G35+'1. Master Inventory'!H35 -> 1534 | E6: =('1. Master Inventory'!D35*75+'1. Master Inventory'!F35*50+'1. Master Inventory'!G35*55+'1. Master Inventory'!H35*30)/1000 -> 103.585 | F6: =IF(D$11>0,D6/D$11*100,0) -> 35.240064 | G6: =IF(E$11>0,E6/E$11*100,0) -> 20.552375 | H6: =E6*10*365*8.5 -> 3213724.6
A7: 3 | B7: Heating | C7: Heaters | D7: ='1. Master Inventory'!I35 -> 63 | E7: ='1. Master Inventory'!I35*1500/1000 -> 94.5 | F7: =IF(D$11>0,D7/D$11*100,0) -> 1.4472777 | G7: =IF(E$11>0,E7/E$11*100,0) -> 18.749814 | H7: =E7*10*365*8.5 -> 2931862.5
A8: 4 | B8: Cooling (Evaporative) | C8: Coolers | D8: ='1. Master Inventory'!J35 -> 31 | E8: ='1. Master Inventory'!J35*200/1000 -> 6.2 | F8: =IF(D$11>0,D8/D$11*100,0) -> 0.71215254 | G8: =IF(E$11>0,E8/E$11*100,0) -> 1.2301465 | H8: =E8*10*365*8.5 -> 192355
A9: 5 | B9: Refrigeration | C9: Refrigerators | D9: ='1. Master Inventory'!K35 -> 32 | E9: ='1. Master Inventory'!K35*150/1000 -> 4.8 | F9: =IF(D$11>0,D9/D$11*100,0) -> 0.7351252 | G9: =IF(E$11>0,E9/E$11*100,0) -> 0.9523715 | H9: =E9*10*365*8.5 -> 148920
A10: 6 | B10: Air Conditioning | C10: Air Conditioners (AC) | D10: ='1. Master Inventory'!L35 -> 145 | E10: ='1. Master Inventory'!L35*1500/1000 -> 217.5 | F10: =IF(D$11>0,D10/D$11*100,0) -> 3.3310361 | G10: =IF(E$11>0,E10/E$11*100,0) -> 43.154334 | H10: =E10*10*365*8.5 -> 6747937.5
B11: GRAND TOTAL | D11: =SUM(D5:D10) -> 4353 | E11: =SUM(E5:E10) -> 504.005 | F11: 100% | G11: 100% | H11: =SUM(H5:H10) -> 15636755

Sheet 5. Condition & Maintenance
A1: APPLIANCE CONDITION & MAINTENANCE TRACKER — A.Y. 2026–27
A2: Tracks working/non-working/under-repair status | Calculates operational rate & replacement needs
A4: Sl. No. | B4: Block / Building | C4: Appliance Type | D4: Total Qty | E4: Working | F4: Non-Working | G4: Under Repair | H4: Operational Rate (%) | I4: Replacement Cost Est. (₹) | J4: Priority (H/M/L) | K4: Last Inspection Date
A5: 1 | H5: =IF(D5>0,E5/D5*100,0) -> 0
A6: 2 | H6: =IF(D6>0,E6/D6*100,0) -> 0
A7: 3 | H7: =IF(D7>0,E7/D7*100,0) -> 0
A8: 4 | H8: =IF(D8>0,E8/D8*100,0) -> 0
A9: 5 | H9: =IF(D9>0,E9/D9*100,0) -> 0
A10: 6 | H10: =IF(D10>0,E10/D10*100,0) -> 0
A11: 7 | H11: =IF(D11>0,E11/D11*100,0) -> 0
A12: 8 | H12: =IF(D12>0,E12/D12*100,0) -> 0
A13: 9 | H13: =IF(D13>0,E13/D13*100,0) -> 0
A14: 10 | H14: =IF(D14>0,E14/D14*100,0) -> 0
A15: 11 | H15: =IF(D15>0,E15/D15*100,0) -> 0
A16: 12 | H16: =IF(D16>0,E16/D16*100,0) -> 0
... A64: 60 | H64: =IF(D64>0,E64/D64*100,0) -> 0
A66: Condition Summary — Auto-Calculated
A67: Total Appliances Tracked | G67: =SUM(D5:D64) -> 0
A68: Total Working | G68: =SUM(E5:E64) -> 0
A69: Total Non-Working | G69: =SUM(F5:F64) -> 0
A70: Total Under Repair | G70: =SUMPRODUCT((G5:G64)*1) -> 0
A71: Overall Operational Rate (%) | G71: =IF(SUM(D5:D64)>0,SUM(E5:E64)/SUM(D5:D64)*100,0) -> 0
A72: Total Est. Replacement Cost (₹) | G72: =SUM(I5:I64) -> 0
A73: High Priority Items | G73: =COUNTIF(J5:J64,"H") -> 0

Sheet 6. Energy Efficiency Rating
A1: BEE STAR RATING & ENERGY EFFICIENCY AUDIT — A.Y. 2026–27
A2: Bureau of Energy Efficiency (BEE) ratings | Tracks star-rated vs. non-rated appliances | Savings potential
A4: Sl. No. | B4: Block / Building | C4: Appliance Type | D4: Qty | E4: BEE Star Rating (1-5/NA) | F4: Energy Label (Y/N) | G4: Annual Consumption (kWh) | H4: Efficient Alternative (kWh) | I4: Potential Savings (kWh) | J4: Potential Cost Savings (₹/yr) | K4: Upgrade Priority
A5: 1 | I5: =IF(AND(G5>0,H5>0),G5-H5,0) -> 0 | J5: =I5*8.5 -> 0
A6: 2 | I6: =IF(AND(G6>0,H6>0),G6-H6,0) -> 0 | J6: =I6*8.5 -> 0
A7: 3 | I7: =IF(AND(G7>0,H7>0),G7-H7,0) -> 0 | J7: =I7*8.5 -> 0
A8: 4 | I8: =IF(AND(G8>0,H8>0),G8-H8,0) -> 0 | J8: =I8*8.5 -> 0
A9: 5 | I9: =IF(AND(G9>0,H9>0),G9-H9,0) -> 0 | J9: =I9*8.5 -> 0
A10: 6 | I10: =IF(AND(G10>0,H10>0),G10-H10,0) -> 0 | J10: =I10*8.5 -> 0
A11: 7 | I11: =IF(AND(G11>0,H11>0),G11-H11,0) -> 0 | J11: =I11*8.5 -> 0
A12: 8 | I12: =IF(AND(G12>0,H12>0),G12-H12,0) -> 0 | J12: =I12*8.5 -> 0
A13: 9 | I13: =IF(AND(G13>0,H13>0),G13-H13,0) -> 0 | J13: =I13*8.5 -> 0
A14: 10 | I14: =IF(AND(G14>0,H14>0),G14-H14,0) -> 0 | J14: =I14*8.5 -> 0
A15: 11 | I15: =IF(AND(G15>0,H15>0),G15-H15,0) -> 0 | J15: =I15*8.5 -> 0
A16: 12 | I16: =IF(AND(G16>0,H16>0),G16-H16,0) -> 0 | J16: =I16*8.5 -> 0
... A54: 50 | I54: =IF(AND(G54>0,H54>0),G54-H54,0) -> 0 | J54: =I54*8.5 -> 0
A56: Efficiency Summary
A57: Total Items Audited | G57: =COUNTA(C5:C54) -> 0
A58: 5-Star Rated Appliances | G58: =COUNTIF(E5:E54,5) -> 0
A59: Non-Rated Appliances | G59: =COUNTIF(E5:E54,"NA") -> 0
A60: Total Potential Energy Savings (kWh/yr) | G60: =SUM(I5:I54) -> 0
A61: Total Potential Cost Savings (₹/yr) | G61: =SUM(J5:J54) -> 0

Sheet 7. Solar & RE Potential
A1: SOLAR / RENEWABLE ENERGY INTEGRATION POTENTIAL — A.Y. 2026–27
A2: Maps rooftop solar potential vs. current electrical load | Calculates % load offset by RE
A4: Sl. No. | B4: Block / Building | C4: Rooftop Area (sq.m.) | D4: Usable Area for Solar (sq.m.) | E4: Solar Capacity (kWp) | F4: Est. Annual Solar Generation (kWh) | G4: Current Annual Load (kWh) | H4: % Load Offset by Solar | I4: Annual Savings (₹) | J4: Investment Required (₹)
A5: 1 | B5: ='1. Master Inventory'!B5 -> Main Academic Block | E5: =D5*0.1 -> 0 | F5: =E5*4.5*365*0.8 -> 0 | G5: ='3. Block-wise Analysis'!H5 -> 92892.5 | H5: =IF(G5>0,MIN(F5/G5*100,100),0) -> 0 | I5: =MIN(F5,G5)*8.5 -> 0 | J5: =E5*50000 -> 0
A6: 2 | B6: ='1. Master Inventory'!B6 -> Science Block | E6: =D6*0.1 -> 0 | F6: =E6*4.5*365*0.8 -> 0 | G6: ='3. Block-wise Analysis'!H6 -> 73346.75 | H6: =IF(G6>0,MIN(F6/G6*100,100),0) -> 0 | I6: =MIN(F6,G6)*8.5 -> 0 | J6: =E6*50000 -> 0
A7: 3 | B7: ='1. Master Inventory'!B7 -> Engineering Block | E7: =D7*0.1 -> 0 | F7: =E7*4.5*365*0.8 -> 0 | G7: ='3. Block-wise Analysis'!H7 -> 102656.25 | H7: =IF(G7>0,MIN(F7/G7*100,100),0) -> 0 | I7: =MIN(F7,G7)*8.5 -> 0 | J7: =E7*50000 -> 0
A8: 4 | B8: ='1. Master Inventory'!B8 -> Library | E8: =D8*0.1 -> 0 | F8: =E8*4.5*365*0.8 -> 0 | G8: ='3. Block-wise Analysis'!H8 -> 38416.25 | H8: =IF(G8>0,MIN(F8/G8*100,100),0) -> 0 | I8: =MIN(F8,G8)*8.5 -> 0 | J8: =E8*50000 -> 0
A9: 5 | B9: ='1. Master Inventory'!B9 -> Computer Centre | E9: =D9*0.1 -> 0 | F9: =E9*4.5*365*0.8 -> 0 | G9: ='3. Block-wise Analysis'!H9 -> 79789 | H9: =IF(G9>0,MIN(F9/G9*100,100),0) -> 0 | I9: =MIN(F9,G9)*8.5 -> 0 | J9: =E9*50000 -> 0
A10: 6 | B10: ='1. Master Inventory'!B10 -> Hostel – A (Boys) | E10: =D10*0.1 -> 0 | F10: =E10*4.5*365*0.8 -> 0 | G10: ='3. Block-wise Analysis'!H10 -> 236483.5 | H10: =IF(G10>0,MIN(F10/G10*100,100),0) -> 0 | I10: =MIN(F10,G10)*8.5 -> 0 | J10: =E10*50000 -> 0
A11: 7 | B11: ='1. Master Inventory'!B11 -> Hostel – B (Boys) | E11: =D11*0.1 -> 0 | F11: =E11*4.5*365*0.8 -> 0 | G11: ='3. Block-wise Analysis'!H11 -> 200750 | H11: =IF(G11>0,MIN(F11/G11*100,100),0) -> 0 | I11: =MIN(F11,G11)*8.5 -> 0 | J11: =E11*50000 -> 0
A12: 8 | B12: ='1. Master Inventory'!B12 -> Hostel – C (Girls) | E12: =D12*0.1 -> 0 | F12: =E12*4.5*365*0.8 -> 0 | G12: ='3. Block-wise Analysis'!H12 -> 220952.75 | H12: =IF(G12>0,MIN(F12/G12*100,100),0) -> 0 | I12: =MIN(F12,G12)*8.5 -> 0 | J12: =E12*50000 -> 0
A13: 9 | B13: ='1. Master Inventory'!B13 -> Hostel – D (Girls) | E13: =D13*0.1 -> 0 | F13: =E13*4.5*365*0.8 -> 0 | G13: ='3. Block-wise Analysis'!H13 -> 172973.5 | H13: =IF(G13>0,MIN(F13/G13*100,100),0) -> 0 | I13: =MIN(F13,G13)*8.5 -> 0 | J13: =E13*50000 -> 0
A14: 10 | B14: ='1. Master Inventory'!B14 -> Canteen / Mess | E14: =D14*0.1 -> 0 | F14: =E14*4.5*365*0.8 -> 0 | G14: ='3. Block-wise Analysis'!H14 -> 60279.75 | H14: =IF(G14>0,MIN(F14/G14*100,100),0) -> 0 | I14: =MIN(F14,G14)*8.5 -> 0 | J14: =E14*50000 -> 0
A15: 11 | B15: ='1. Master Inventory'!B15 -> Administrative Block | E15: =D15*0.1 -> 0 | F15: =E15*4.5*365*0.8 -> 0 | G15: ='3. Block-wise Analysis'!H15 -> 52961.5 | H15: =IF(G15>0,MIN(F15/G15*100,100),0) -> 0 | I15: =MIN(F15,G15)*8.5 -> 0 | J15: =E15*50000 -> 0
A16: 12 | B16: ='1. Master Inventory'!B16 -> Examination Hall | E16: =D16*0.1 -> 0 | F16: =E16*4.5*365*0.8 -> 0 | G16: ='3. Block-wise Analysis'!H16 -> 68893.75 | H16: =IF(G16>0,MIN(F16/G16*100,100),0) -> 0 | I16: =MIN(F16,G16)*8.5 -> 0 | J16: =E16*50000 -> 0
... A34: 30 | B34: ='1. Master Inventory'!B34 -> 0 | E34: =D34*0.1 -> 0 | F34: =E34*4.5*365*0.8 -> 0 | G34: ='3. Block-wise Analysis'!H34 -> 0 | H34: =IF(G34>0,MIN(F34/G34*100,100),0) -> 0 | I34: =MIN(F34,G34)*8.5 -> 0 | J34: =E34*50000 -> 0
B35: INSTITUTION TOTAL | C35: =SUM(C5:C34) -> 0 | D35: =SUM(D5:D34) -> 0 | E35: =SUM(E5:E34) -> 0 | F35: =SUM(F5:F34) -> 0 | G35: =SUM(G5:G34) -> 1839618.2 | H35: =IF(G35>0,MIN(F35/G35*100,100),0) -> 0 | I35: =SUM(I5:I34) -> 0 | J35: =SUM(J5:J34) -> 0
A37: Solar Investment Payback — Auto-Calculated
A38: Simple Payback Period (Years) | G38: =IF(I35>0,J35/I35,0) -> 0

Sheet 8. Inspection Log
A1: ELECTRICAL INSPECTION & SAFETY AUDIT LOG — A.Y. 2026–27
A2: Record of all physical inspections, safety audits, and compliance checks
A4: Sl. No. | B4: Block / Building | C4: Date of Inspection | D4: Inspector Name | E4: Type (Routine/Safety/Compliance/Special) | F4: Issues Found | G4: Corrective Action Taken | H4: Status (Resolved/Pending/Scheduled) | I4: Next Inspection Due
A5: 1
A6: 2
A7: 3
A8: 4
A9: 5
A10: 6
A11: 7
A12: 8
A13: 9
A14: 10
A15: 11
A16: 12
... A54: 50
