Workbook

Sheet 1. WCM Reference Guide
A1: Water Conservation Measures (WCM) — Reference Guide & Specifications
A2: 11 Core Measures | Description, Expected Savings, Implementation Notes | NAAC 7.1.4 Aligned
A3: WCM # | B3: Conservation Measure | C3: Description & How It Works | D3: Expected Saving | E3: Applicable Locations
A4: 1 | B4: Water Metering | C4: Installation of water flow meters in different blocks and facilities to measure actual consumption. Helps identify high-consumption areas and enables accurate audits to detect leakages. Install at main supply, each block, hostels, kitchen, and garden independently. | D4: Enables 10–15% reduction via awareness | E4: All blocks, hostels, kitchen, garden, STP
A5: 2 | B5: Use of Aerators (Hostel / School / College) | C5: Aerators mix air with water, reducing flow rate without affecting performance. Screw-on devices fitted at tap outlets. Standard flow 12 L/min reduced to 6–8 L/min. Zero maintenance, ₹50–200 per unit. | D5: 40–50% water saving per tap | E5: All washbasins, hostel bathrooms, labs, staff rooms
A6: 3 | B6: Thermostats at Boilers | C6: Controls water heating efficiently, preventing overheating and unnecessary water loss during cooling cycles. Maintains optimal temperature (60–65°C) automatically. Prevents repeated heating-cooling-draining cycles. | D6: Saves water + 15–20% energy | E6: Hostel boilers, kitchen, laundry
A7: 4 | B7: Low Flow Fixtures in Kitchen | C7: Low-flow taps, faucets, and pre-rinse sinks reduce water usage during cooking, food preparation, and cleaning. Flow rate limited to 4–6 L/min vs standard 10–15 L/min. | D7: 30–40% kitchen water reduction | E7: Main kitchen, canteen, staff kitchen, hostel mess
A8: 5 | B8: Pre-Rinse Spray Valves | C8: High-efficiency spray valves used in cafeterias and canteens for pre-rinsing dishes before machine wash. Rated at 4–6 L/min vs old valves at 12+ L/min. Quick payback period (2–3 months). | D8: Saves 150+ L/day per kitchen | E8: Canteen dishwash area, hostel mess, catering
A9: 6 | B9: Use of Dishwasher | C9: Modern commercial dishwashers consume less water than manual washing. Uses 10–12 L per cycle vs 30–40 L manual. Also ensures hygiene standards. Energy-efficient models with heat recovery. | D9: 60–70% less vs manual wash | E9: Main kitchen, canteen, hostel mess
A10: 7 | B10: Grease & Oil Interceptor in Kitchen | C10: Separates grease, fats, and oil from kitchen wastewater before it enters drainage/STP. Prevents blockages in plumbing, protects STP efficiency, and facilitates water reuse. Regular cleaning every 2 weeks required. | D10: Prevents blockage; enables STP reuse | E10: Kitchen drain, canteen outlet, hostel mess
A11: 8 | B11: Regulator in Washing Machine | C11: Flow regulators and load sensors on washing machines adjust water intake based on load size and wash type. Prevents overfilling. Modern machines with water-level sensors consume 40–50 L vs 80+ L in older models. | D11: 20–25% laundry water saving | E11: Hostel laundry, staff quarters, housekeeping
A12: 9 | B12: Irrigation System (Drip / Sprinkler) | C12: Automated drip or sprinkler irrigation replaces manual hose watering. Drip delivers water directly to roots; sprinklers cover lawns. Timer-based scheduling (early morning / evening). Moisture sensors prevent over-watering. | D12: 60–70% garden water saving | E12: Campus gardens, lawns, nursery, sports ground
A13: 10 | B13: Installation of RO Plant (with Reject Reuse) | C13: Produces safe drinking water for students and staff. Reject water (60–70% of input) MUST be reused — for gardening, flushing, cleaning, or cooling towers. Without reject reuse, RO actually wastes water. | D13: Reject reuse saves 500–1000 L/day | E13: Drinking water stations; reject to garden/flush
A14: 11 | B14: Leakage Prevention in Building Taps | C14: Regular inspection and maintenance of all taps, pipelines, valves, and tanks. A single dripping tap wastes 15–20 L/day. Monthly inspection rounds, immediate repair protocol, leak detection dye tests for underground pipes. | D14: Saves 100–500 L/day campus-wide | E14: All buildings, underground pipes, tank overflows

Sheet 2. WCM Tracker
A1: Water Conservation Measures — Implementation Tracker & Savings Calculator
A2: Auto-Calculated Savings | Enter Baseline & Post-Implementation → Daily & Monthly Savings Auto-Compute
A3: S.No. | B3: WCM # | C3: Conservation Measure | D3: Description | E3: Location / Block | F3: Owner / Department | G3: Status (Planned / Ongoing / Completed) | H3: Install / Start Date | I3: Baseline Use (L/day) | J3: Post-Implementation Use (L/day) | K3: Saving (L/day) [AUTO] | L3: Saving (L/month) [AUTO] | M3: Saving (KL/year) [AUTO] | N3: Evidence Link (Photo/Bill/PO) | O3: Remarks
A4: 1 | B4: 1 | C4: Water Metering | D4: Flow meters at blocks to measure consumption & detect leakages | K4: =IF(AND(I4>0,J4>=0),I4-J4,0) -> 0 | L4: =K4*30 -> 0 | M4: =K4*365/1000 -> 0
A5: 2 | B5: 2 | C5: Aerators (Hostel/School/College) | D5: Air-mixing devices at taps; 40–50% flow reduction | K5: =IF(AND(I5>0,J5>=0),I5-J5,0) -> 0 | L5: =K5*30 -> 0 | M5: =K5*365/1000 -> 0
A6: 3 | B6: 3 | C6: Thermostats at Boilers | D6: Efficient temperature control; prevents water/energy waste | K6: =IF(AND(I6>0,J6>=0),I6-J6,0) -> 0 | L6: =K6*30 -> 0 | M6: =K6*365/1000 -> 0
A7: 4 | B7: 4 | C7: Low Flow Fixtures in Kitchen | D7: Low-flow taps & faucets; 30–40% kitchen water reduction | K7: =IF(AND(I7>0,J7>=0),I7-J7,0) -> 0 | L7: =K7*30 -> 0 | M7: =K7*365/1000 -> 0
A8: 5 | B8: 5 | C8: Pre-Rinse Spray Valves | D8: High-efficiency dish pre-rinse; saves 150+ L/day | K8: =IF(AND(I8>0,J8>=0),I8-J8,0) -> 0 | L8: =K8*30 -> 0 | M8: =K8*365/1000 -> 0
A9: 6 | B9: 6 | C9: Dishwasher | D9: 10–12 L/cycle vs 30–40 L manual; 60–70% saving | K9: =IF(AND(I9>0,J9>=0),I9-J9,0) -> 0 | L9: =K9*30 -> 0 | M9: =K9*365/1000 -> 0
A10: 7 | B10: 7 | C10: Grease & Oil Interceptor | D10: Separates grease; protects STP; enables water reuse | K10: =IF(AND(I10>0,J10>=0),I10-J10,0) -> 0 | L10: =K10*30 -> 0 | M10: =K10*365/1000 -> 0
A11: 8 | B11: 8 | C11: Regulator in Washing Machine | D11: Load-based water regulation; 20–25% laundry saving | K11: =IF(AND(I11>0,J11>=0),I11-J11,0) -> 0 | L11: =K11*30 -> 0 | M11: =K11*365/1000 -> 0
A12: 9 | B12: 9 | C12: Irrigation System (Drip/Sprinkler) | D12: Automated irrigation; 60–70% garden water saving | K12: =IF(AND(I12>0,J12>=0),I12-J12,0) -> 0 | L12: =K12*30 -> 0 | M12: =K12*365/1000 -> 0
A13: 10 | B13: 10 | C13: RO Plant (with Reject Reuse) | D13: Safe drinking water; reject reused for garden/flush | K13: =IF(AND(I13>0,J13>=0),I13-J13,0) -> 0 | L13: =K13*30 -> 0 | M13: =K13*365/1000 -> 0
A14: 11 | B14: 11 | C14: Leakage Prevention | D14: Regular inspection & repair; saves 100–500 L/day | K14: =IF(AND(I14>0,J14>=0),I14-J14,0) -> 0 | L14: =K14*30 -> 0 | M14: =K14*365/1000 -> 0
A15: 12 | B15: 12 | C15: [Add Custom WCM] | K15: =IF(AND(I15>0,J15>=0),I15-J15,0) -> 0 | L15: =K15*30 -> 0 | M15: =K15*365/1000 -> 0
A16: 13 | B16: 13 | C16: [Add Custom WCM] | K16: =IF(AND(I16>0,J16>=0),I16-J16,0) -> 0 | L16: =K16*30 -> 0 | M16: =K16*365/1000 -> 0
A17: 14 | B17: 14 | C17: [Add Custom WCM] | K17: =IF(AND(I17>0,J17>=0),I17-J17,0) -> 0 | L17: =K17*30 -> 0 | M17: =K17*365/1000 -> 0
A18: 15 | B18: 15 | C18: [Add Custom WCM] | K18: =IF(AND(I18>0,J18>=0),I18-J18,0) -> 0 | L18: =K18*30 -> 0 | M18: =K18*365/1000 -> 0
A19: 16 | B19: 16 | C19: [Add Custom WCM] | K19: =IF(AND(I19>0,J19>=0),I19-J19,0) -> 0 | L19: =K19*30 -> 0 | M19: =K19*365/1000 -> 0
A20: 17 | B20: 17 | C20: [Add Custom WCM] | K20: =IF(AND(I20>0,J20>=0),I20-J20,0) -> 0 | L20: =K20*30 -> 0 | M20: =K20*365/1000 -> 0
A21: 18 | B21: 18 | C21: [Add Custom WCM] | K21: =IF(AND(I21>0,J21>=0),I21-J21,0) -> 0 | L21: =K21*30 -> 0 | M21: =K21*365/1000 -> 0
A22: 19 | B22: 19 | C22: [Add Custom WCM] | K22: =IF(AND(I22>0,J22>=0),I22-J22,0) -> 0 | L22: =K22*30 -> 0 | M22: =K22*365/1000 -> 0
A23: 20 | B23: 20 | C23: [Add Custom WCM] | K23: =IF(AND(I23>0,J23>=0),I23-J23,0) -> 0 | L23: =K23*30 -> 0 | M23: =K23*365/1000 -> 0
A25: GRAND TOTALS — All Water Conservation Measures
A26: TOTALS | I26: =SUM(I4:I24) -> 0 | J26: =SUM(J4:J24) -> 0 | K26: =SUM(K4:K24) -> 0 | L26: =SUM(L4:L24) -> 0 | M26: =SUM(M4:M24) -> 0

Sheet 3. Dashboard Summary
A1: WCM Dashboard — Auto-Calculated Implementation Summary
A2: Real-time status counts, savings totals, and % progress from tracker data
A3: S.No. | B3: Metric | C3: Value | D3: Unit | E3: Formula | F3: Target | G3: Status
A4: 1 | B4: Total Measures Listed | C4: =COUNTA('2. WCM Tracker'!C4:C24)-COUNTIF('2. WCM Tracker'!C4:C24,"[Add*") -> 11 | D4: Nos. | E4: Count of non-blank WCMs
A5: 2 | B5: Completed Measures | C5: =COUNTIF('2. WCM Tracker'!G4:G24,"Completed") -> 0 | D5: Nos. | E5: Status = Completed
A6: 3 | B6: Ongoing Measures | C6: =COUNTIF('2. WCM Tracker'!G4:G24,"Ongoing") -> 0 | D6: Nos. | E6: Status = Ongoing
A7: 4 | B7: Planned Measures | C7: =COUNTIF('2. WCM Tracker'!G4:G24,"Planned") -> 0 | D7: Nos. | E7: Status = Planned
A8: 5 | B8: Not Started / Blank | C8: =C4-C5-C6-C7 -> 11 | D8: Nos. | E8: Remaining
A9: 6 | B9: Implementation Rate (%) | C9: =IF(C4>0,(C5+C6)/C4*100,0) -> 0 | D9: Percent | E9: (Completed+Ongoing)/Total
A10: 7 | B10: Completion Rate (%) | C10: =IF(C4>0,C5/C4*100,0) -> 0 | D10: Percent | E10: Completed/Total
A11: 8 | B11: Total Baseline Consumption (L/day) | C11: =SUM('2. WCM Tracker'!I4:I24) -> 0 | D11: L/day | E11: Sum of all baselines
A12: 9 | B12: Total Post-Implementation (L/day) | C12: =SUM('2. WCM Tracker'!J4:J24) -> 0 | D12: L/day | E12: Sum of post-implementation
A13: 10 | B13: TOTAL DAILY SAVING (L/day) | C13: =SUM('2. WCM Tracker'!K4:K24) -> 0 | D13: L/day | E13: Baseline − Post
A14: 11 | B14: TOTAL MONTHLY SAVING (L/month) | C14: =C13*30 -> 0 | D14: L/month | E14: Daily × 30
A15: 12 | B15: TOTAL ANNUAL SAVING (KL/year) | C15: =C13*365/1000 -> 0 | D15: KL/year | E15: Daily × 365 / 1000
A16: 13 | B16: % Water Saved (of Baseline) | C16: =IF(C11>0,C13/C11*100,0) -> 0 | D16: Percent | E16: Saving / Baseline × 100
A17: 14 | B17: Estimated Annual Cost Saving (₹) | C17: =C15*5 -> 0 | D17: ₹/year | E17: @ ₹5 per KL (municipal rate)
A20: Savings by Implementation Status
A21: S.No. | B21: Status | C21: Count | D21: Daily Saving (L) | E21: Monthly Saving (L) | F21: Annual Saving (KL) | G21: % of Total Saving
A22: 1 | B22: Completed | C22: =COUNTIF('2. WCM Tracker'!G4:G24,"Completed") -> 0 | D22: =SUMPRODUCT(('2. WCM Tracker'!G4:G24="Completed")*'2. WCM Tracker'!K4:K24) -> 0 | E22: =D22*30 -> 0 | F22: =D22*365/1000 -> 0 | G22: =IF(C13>0,D22/C13*100,0) -> 0
A23: 2 | B23: Ongoing | C23: =COUNTIF('2. WCM Tracker'!G4:G24,"Ongoing") -> 0 | D23: =SUMPRODUCT(('2. WCM Tracker'!G4:G24="Ongoing")*'2. WCM Tracker'!K4:K24) -> 0 | E23: =D23*30 -> 0 | F23: =D23*365/1000 -> 0 | G23: =IF(C13>0,D23/C13*100,0) -> 0
A24: 3 | B24: Planned | C24: =COUNTIF('2. WCM Tracker'!G4:G24,"Planned") -> 0 | D24: =SUMPRODUCT(('2. WCM Tracker'!G4:G24="Planned")*'2. WCM Tracker'!K4:K24) -> 0 | E24: =D24*30 -> 0 | F24: =D24*365/1000 -> 0 | G24: =IF(C13>0,D24/C13*100,0) -> 0

Sheet 4. Block-Wise Savings
A1: Water Savings by Location / Block — Where Is Most Water Being Saved?
A2: Aggregate savings per building/zone | Identifies highest-impact locations
A3: S.No. | B3: Location / Block | C3: WCMs Implemented | D3: Baseline (L/day) | E3: Post-Impl (L/day) | F3: Saving (L/day) | G3: Saving (L/month) | H3: Saving (KL/year) | I3: % of Total Saving
A4: 1 | B4: Academic Block 1 | F4: =IF(D4>0,D4-E4,0) -> 0 | G4: =F4*30 -> 0 | H4: =F4*365/1000 -> 0 | I4: =IF(SUM($F$4:$F$22)>0,F4/SUM($F$4:$F$22)*100,0) -> 0
A5: 2 | B5: Academic Block 2 | F5: =IF(D5>0,D5-E5,0) -> 0 | G5: =F5*30 -> 0 | H5: =F5*365/1000 -> 0 | I5: =IF(SUM($F$4:$F$22)>0,F5/SUM($F$4:$F$22)*100,0) -> 0
A6: 3 | B6: Academic Block 3 | F6: =IF(D6>0,D6-E6,0) -> 0 | G6: =F6*30 -> 0 | H6: =F6*365/1000 -> 0 | I6: =IF(SUM($F$4:$F$22)>0,F6/SUM($F$4:$F$22)*100,0) -> 0
A7: 4 | B7: Science Lab Complex | F7: =IF(D7>0,D7-E7,0) -> 0 | G7: =F7*30 -> 0 | H7: =F7*365/1000 -> 0 | I7: =IF(SUM($F$4:$F$22)>0,F7/SUM($F$4:$F$22)*100,0) -> 0
A8: 5 | B8: Hostel Block A (Boys) | F8: =IF(D8>0,D8-E8,0) -> 0 | G8: =F8*30 -> 0 | H8: =F8*365/1000 -> 0 | I8: =IF(SUM($F$4:$F$22)>0,F8/SUM($F$4:$F$22)*100,0) -> 0
A9: 6 | B9: Hostel Block B (Boys) | F9: =IF(D9>0,D9-E9,0) -> 0 | G9: =F9*30 -> 0 | H9: =F9*365/1000 -> 0 | I9: =IF(SUM($F$4:$F$22)>0,F9/SUM($F$4:$F$22)*100,0) -> 0
A10: 7 | B10: Hostel Block C (Girls) | F10: =IF(D10>0,D10-E10,0) -> 0 | G10: =F10*30 -> 0 | H10: =F10*365/1000 -> 0 | I10: =IF(SUM($F$4:$F$22)>0,F10/SUM($F$4:$F$22)*100,0) -> 0
A11: 8 | B11: Hostel Block D (Girls) | F11: =IF(D11>0,D11-E11,0) -> 0 | G11: =F11*30 -> 0 | H11: =F11*365/1000 -> 0 | I11: =IF(SUM($F$4:$F$22)>0,F11/SUM($F$4:$F$22)*100,0) -> 0
A12: 9 | B12: Main Kitchen / Canteen | F12: =IF(D12>0,D12-E12,0) -> 0 | G12: =F12*30 -> 0 | H12: =F12*365/1000 -> 0 | I12: =IF(SUM($F$4:$F$22)>0,F12/SUM($F$4:$F$22)*100,0) -> 0
A13: 10 | B13: Staff Kitchen | F13: =IF(D13>0,D13-E13,0) -> 0 | G13: =F13*30 -> 0 | H13: =F13*365/1000 -> 0 | I13: =IF(SUM($F$4:$F$22)>0,F13/SUM($F$4:$F$22)*100,0) -> 0
A14: 11 | B14: Hostel Mess | F14: =IF(D14>0,D14-E14,0) -> 0 | G14: =F14*30 -> 0 | H14: =F14*365/1000 -> 0 | I14: =IF(SUM($F$4:$F$22)>0,F14/SUM($F$4:$F$22)*100,0) -> 0
A15: 12 | B15: Administrative Block | F15: =IF(D15>0,D15-E15,0) -> 0 | G15: =F15*30 -> 0 | H15: =F15*365/1000 -> 0 | I15: =IF(SUM($F$4:$F$22)>0,F15/SUM($F$4:$F$22)*100,0) -> 0
... A22: 19 | B22: Other | F22: =IF(D22>0,D22-E22,0) -> 0 | G22: =F22*30 -> 0 | H22: =F22*365/1000 -> 0 | I22: =IF(SUM($F$4:$F$22)>0,F22/SUM($F$4:$F$22)*100,0) -> 0
A23: CAMPUS TOTAL | D23: =SUM(D4:D22) -> 0 | E23: =SUM(E4:E22) -> 0 | F23: =SUM(F4:F22) -> 0 | G23: =SUM(G4:G22) -> 0 | H23: =SUM(H4:H22) -> 0

Sheet 5. YoY Trend
A1: Water Conservation — 5-Year Implementation & Savings Trend
A2: Track cumulative conservation progress for NAAC / Green Audit
A3: S.No. | B3: Parameter | C3: Unit | D3: Year 1 | E3: Year 2 | F3: Year 3 | G3: Year 4 | H3: Year 5 (Current) | I3: 5-Year Change | J3: Trend
A4: 1 | B4: WCMs Implemented (count) | I4: =IF(AND(D4>0,H4>0),H4-D4,0) -> 0 | J4: =IF(I4>0,"Improving",IF(I4=0,"Stable","Worsening")) -> Stable
A5: 2 | B5: Total Daily Saving (L/day) | I5: =IF(AND(D5>0,H5>0),H5-D5,0) -> 0 | J5: =IF(I5>0,"Improving",IF(I5=0,"Stable","Worsening")) -> Stable
A6: 3 | B6: Total Monthly Saving (L/month) | I6: =IF(AND(D6>0,H6>0),H6-D6,0) -> 0 | J6: =IF(I6>0,"Improving",IF(I6=0,"Stable","Worsening")) -> Stable
A7: 4 | B7: Total Annual Saving (KL/year) | I7: =IF(AND(D7>0,H7>0),H7-D7,0) -> 0 | J7: =IF(I7>0,"Improving",IF(I7=0,"Stable","Worsening")) -> Stable
A8: 5 | B8: % Water Saved (of baseline) | I8: =IF(AND(D8>0,H8>0),H8-D8,0) -> 0 | J8: =IF(I8>0,"Improving",IF(I8=0,"Stable","Worsening")) -> Stable
A9: 6 | B9: Campus Water Consumption (KL/yr) | I9: =IF(AND(D9>0,H9>0),H9-D9,0) -> 0 | J9: =IF(I9>0,"Improving",IF(I9=0,"Stable","Worsening")) -> Stable
A10: 7 | B10: Per Capita Consumption (L/day) | I10: =IF(AND(D10>0,H10>0),H10-D10,0) -> 0 | J10: =IF(I10>0,"Improving",IF(I10=0,"Stable","Worsening")) -> Stable
A11: 8 | B11: Rainwater Harvested (KL/yr) | I11: =IF(AND(D11>0,H11>0),H11-D11,0) -> 0 | J11: =IF(I11>0,"Improving",IF(I11=0,"Stable","Worsening")) -> Stable
A12: 9 | B12: Water Recycled via STP (KL/yr) | I12: =IF(AND(D12>0,H12>0),H12-D12,0) -> 0 | J12: =IF(I12>0,"Improving",IF(I12=0,"Stable","Worsening")) -> Stable
A13: 10 | B13: Annual Water Cost (₹) | I13: =IF(AND(D13>0,H13>0),H13-D13,0) -> 0 | J13: =IF(I13>0,"Improving",IF(I13=0,"Stable","Worsening")) -> Stable

Sheet 6. Audit Checklist
A1: Water Conservation — Audit & Compliance Checklist (NAAC 7.1.4 / Green Audit)
A2: Evidence readiness for accreditation and sustainability reporting
A3: # | B3: Audit Item | C3: Requirement / Description | D3: Status (✓/✗/IP) | E3: Date | F3: Reviewer
A4: 1 | B4: All 11 core WCMs assessed | C4: Each WCM documented with status (Planned/Ongoing/Completed)
A5: 2 | B5: Baseline consumption recorded | C5: Pre-implementation water usage (L/day) recorded for each WCM location
A6: 3 | B6: Post-implementation recorded | C6: Actual usage after WCM implementation entered for savings calculation
A7: 4 | B7: Savings auto-calculated correctly | C7: Daily = Baseline − Post; Monthly = Daily × 30; Annual = Daily × 365 / 1000
A8: 5 | B8: Location / block assigned | C8: Every WCM linked to a specific campus location
A9: 6 | B9: Owner / department assigned | C9: Responsible department/person identified for each WCM
A10: 7 | B10: Evidence documented | C10: Photos, purchase orders, bills, installation certificates linked per WCM
A11: 8 | B11: Water meters installed and reading | C11: Meter readings available for high-consumption areas
A12: 9 | B12: Aerators installed (count documented) | C12: Number of aerators installed with locations; savings verified
A13: 10 | B13: Kitchen measures implemented | C13: Low-flow fixtures, spray valves, dishwasher, interceptor status documented
A14: 11 | B14: Irrigation system documented | C14: Drip/sprinkler type, coverage area, timer settings, savings documented
A15: 12 | B15: RO reject reuse documented | C15: Reject water quantity and reuse method (garden/flush/cleaning) documented
... A23: 20 | B23: Reproducibility verified | C23: All savings reproducible from baseline vs post-implementation data
